objid,ra,dec,redshift,radius,magnitude,baryonic_density_proxy,Delta,KK_Mass_eV
1237645879551066262,348.902530171573,1.27188624932946,0.03212454,3.930973,17.48643,6.552814565474817,0.5233217439153592,1.876550799359659e-21
1237645879577477252,49.2489417995925,1.27243115303389,0.1106111,3.434432,17.44124,8.949404871371174,0.7147185560486273,1.8938701949531873e-21
1237645879577936138,50.2348350060831,1.27194527496731,0.07429758,5.79847,17.37457,3.338452265330486,0.26661591656749983,1.8535700399724913e-21
1237645879578460255,51.4436950026148,1.27007271795861,0.1213151,7.750698,16.7916,3.1965269436121604,0.25528145774446115,1.8525618720081808e-21
1237645879578460271,51.4835835170322,1.27201267342336,0.04876465,4.510835,16.5624,11.655371401507175,0.9308228131396801,1.913617561398007e-21
1237645879578460507,51.4756671357035,1.2704058303334,0.0488077,5.268336,19.20132,0.751839379818054,0.060043496036594556,1.835281828382357e-21
1237645879579967591,54.9285003138559,1.27188765009276,0.1317873,4.92834,17.12888,5.794909751491509,0.46279384937286333,1.871106695565907e-21
1237645941824356443,40.2856904119424,-0.71495662825756,0.04028672,11.86357,14.95513,7.404866032569009,0.5913683909263545,1.8826900835990816e-21
1237645942904389827,54.5507319566264,0.220213661483242,0.04265009,3.723274,19.90734,0.7856226659348504,0.06274150130275644,1.8355195205749173e-21
1237645942905438473,57.025336578067,0.20884499634774,0.0254747,9.476921,15.05553,10.579215876513693,0.8448787382026336,1.905739545848017e-21
1237645942905438495,57.0470524254038,0.0843042629762005,0.03616738,8.674915,17.13694,1.8564939735694532,0.14826356737386528,1.8430699236398645e-21
1237645942905438496,57.047798955065,0.0854314279699143,0.0359273,0.843807,22.28172,1.7172192659148642,0.13714079224192163,1.8420861837582226e-21
1237645942905634975,57.4526719197642,0.0443438623667923,0.135144,2.655177,17.3946,15.630506276378988,1.248285560518057,1.943000978034348e-21
1237645942905634991,57.4584469049334,0.0522754723131939,0.1297809,8.162415,17.18597,2.0043550587323615,0.16007206892255266,1.844114886672917e-21
1237645942905635004,57.490402123062,0.0743531086380666,0.1315637,4.956252,16.30132,12.279063355555973,0.9806321825026516,1.9181982070626415e-21
1237645942905635005,57.4884302017122,0.0755838160432975,0.1333835,7.930052,18.821,0.47102930738481813,0.03761740487432906,1.8333072978326694e-21
1237645942905635068,57.4752352677671,0.0583019037518934,0.1355777,3.661109,17.97916,4.79855726413968,0.3832230151877236,1.8639738208983447e-21
1237645942905635071,57.4800845774629,0.105864522543259,0.1320954,5.735305,17.41725,3.280854444366851,0.2620160317681915,1.8531608271348563e-21
1237645942905635146,57.4664018459354,0.0594492045984149,0.1299547,1.060039,22.08946,1.2988898184824287,0.10373211055650791,1.8391345508291007e-21
1237645942905700478,57.5089002899894,0.0665637241165031,0.1314003,4.195208,16.92305,9.666583431007618,0.771993965077458,1.8990840237725773e-21
1237645942905700479,57.5096417265807,0.0671614984359531,0.1306191,4.52233,17.57277,4.57264514403441,0.3651811915585303,1.862360304285505e-21
1237645942905700561,57.50744550499,0.0275951673198642,0.1318834,4.939012,17.4136,4.438945749340442,0.3545036728079893,1.861406050264633e-21
1237645942905700564,57.5085161588464,0.0345378237186341,0.1353511,2.920067,18.19786,6.166949149194469,0.4925057089815482,1.8737771142014396e-21
1237645942905700587,57.6052689899755,0.0513293192029054,0.1318457,2.456573,18.3782,7.380072895457123,0.5893883581296253,1.8825111582725318e-21
1237645942905700593,57.6070986681323,0.177155588859477,0.132174,2.461403,18.57295,6.14404727693299,0.49067671662855994,1.8736126194695483e-21
1237645942905700594,57.6139520196035,0.0820547400548133,0.1351828,2.490726,18.804,4.850070946532401,0.3873370077074108,1.8643419392127036e-21
1237645942905766132,57.7660135191018,0.124099746615678,0.1249654,5.571723,17.3692,3.6336322011808906,0.2901896156634492,1.8556686111686677e-21
1237645942905766242,57.6643984335227,0.168109525048782,0.1252175,3.995657,18.90079,1.7238822586959992,0.13767291305307514,1.8421332345540284e-21
1237645942905766350,57.7228443140538,0.0637326787832327,0.132197,2.575753,19.2889,2.901560105466056,0.2317247770855703,1.850468325835056e-21
1237645942905831709,57.8998884551633,0.0907623567050048,0.1345017,5.2574,17.26585,4.488672898777275,0.3584749889963542,1.861760911220986e-21
1237645942905831780,57.8949501832176,0.0411267256016719,0.08220381,4.423974,17.88412,3.586962762587787,0.28646249478309144,1.8553366584040967e-21
1237645942905897107,58.0002029149538,0.0163853011113631,0.08295874,2.97511,17.27383,13.914318640811878,1.111227156475476,1.930260311726796e-21
1237645942905897117,58.0166517636597,0.0367886761406666,0.08232159,3.108503,16.83391,19.113200618318007,1.526420956894197,1.969114940042252e-21
1237645942905897218,58.0231803215902,0.0480566842569108,0.08173548,7.166789,16.89618,3.395304766340921,0.2711562785260829,1.853974046181977e-21
1237645942905897335,57.9679570522477,0.0340010680895592,0.0819518,4.688045,18.31666,2.144630393394082,0.17127475626094568,1.8451067873754893e-21
1237645942906028543,58.3691278160825,0.196246893897141,0.05351376,2.770678,19.38867,2.2874935986744678,0.18268411646512112,1.846117535539697e-21
1237645942906093991,58.5305168507183,0.222928823292057,0.1498954,3.191108,18.65709,3.3828363961984715,0.27016052789991574,1.8538854357003743e-21
1237645942906224685,58.737399820103,0.0264625738053956,0.06234159,6.625526,17.65118,1.9819252689944944,0.15828077808653235,1.8439563328767387e-21
1237645942906225020,58.7550868984329,0.166028958921347,0.140396,4.684143,18.19482,2.4033206057241556,0.19193430822868845,1.8469374107209384e-21
1237645943435034990,40.3237192445106,0.506582165188134,0.02843474,1.498866,21.33834,1.2975926697224163,0.10362851749059332,1.8391254058156733e-21
1237645943973609569,44.1905216913048,0.944217770105078,0.1323255,2.725715,17.73589,10.831363018543852,0.8650157466242866,1.9075824792501468e-21
1237645943973609571,44.1967624782676,0.898187550646279,0.06360599,1.92693,19.53258,4.142248253790058,0.33080877815847226,1.8592901743711463e-21
1237645943973609616,44.2888025842743,0.893509777461581,0.07254888,6.295562,17.36611,2.8542170056979006,0.22794385618730975,1.850132525537696e-21
1237645943973609618,44.2901765177702,0.966028832495359,0.07445111,2.766665,17.15307,17.98286350740365,1.4361498249728732,1.960601195194944e-21
1237645943973609651,44.1896150561732,0.95517731261892,0.1095859,2.6841,18.97375,3.5719273397394224,0.2852617338540447,1.85522972632878e-21
1237645943973675097,44.4146489659888,0.990363786521587,0.07472415,3.703592,17.95386,4.799651728925778,0.38331042147929384,1.8639816412206348e-21
1237645943975837722,49.2968088724208,1.04741016467355,0.06675781,9.166202,15.68966,6.306046261897311,0.5036143010019556,1.8747765018446562e-21
1237645943975837853,49.2755989687379,1.04702056745063,0.06669576,2.429605,18.56176,6.3712501183944745,0.5088216200174952,1.8752451632612258e-21
1237645943976034423,49.7298010819877,1.04613752083197,0.02389494,2.78896,18.3242,6.01776783818137,0.48059177138131676,1.8727058654840673e-21
1237645943976493208,50.8270672659644,0.939875120075682,0.03646222,4.760341,16.54225,10.66163651780171,0.8514610263633153,1.9063417590663892e-21
1237645943976493216,50.8313689895524,0.895034010363321,0.1031313,4.406857,17.29198,6.236631497431861,0.49807068989705305,1.874277702683093e-21
1237645943976493256,50.907931201466,0.991258724475301,0.0222007,3.200332,17.9049,6.724344142671723,0.5370204617067491,1.877785109429793e-21
1237645943976493290,50.786797241229,1.02659853355104,0.1380212,5.962238,17.37105,3.167826471958326,0.25298937687951306,1.8523580645821583e-21
1237645943976493294,50.7929750109747,0.927009262171128,0.1487097,5.252011,17.61447,3.262576817589562,0.2605563415199551,1.8530309897256332e-21
1237645943977410753,52.9358806521154,1.04755438894682,0.03101574,10.13494,16.83215,1.8009333316749414,0.14382637603894063,1.842677418853248e-21
1237645943977541802,53.2679052316805,1.04734827470462,0.08767021,4.182746,16.55049,13.70506232499688,1.094515500892457,1.9287125559985177e-21
1237645943978328116,55.0255954395174,1.04687952894293,0.09765125,2.885818,17.80459,9.070393409540916,0.7243809586934932,1.8947487668224777e-21
1237645943978328117,55.025014576813,1.04290619923071,0.09756941,4.643789,18.05147,2.790403725451617,0.22284759155632292,1.849680000170767e-21
1237645943978328289,55.0531675060106,0.885874143375771,0.03877712,13.16649,16.84164,1.0578009987888908,0.08447824333657142,1.8374356342899663e-21
1237645943978393683,55.1108668441425,0.892602613955123,0.04054674,2.346706,18.76188,5.679768470572714,0.45359842116029875,1.870281007690336e-21
1237645943978393694,55.1236253006416,0.872487205618696,0.0406868,14.50363,15.40764,3.2658074542841145,0.2608143470551426,1.8530539382958403e-21
1237645943978393919,55.2270050805964,0.930211797118922,0.1386051,3.953498,18.69116,2.1358608395326732,0.17057440099005308,1.845044761365394e-21
1237645943978394262,55.2429245321159,0.987946251893411,0.1388552,4.601421,19.18089,1.0042921304529273,0.08020491101307622,1.8370587782333947e-21
1237645943978524678,55.4118987187162,1.04609774553728,0.09752747,4.297111,18.49097,2.1739965750337875,0.17362000214487408,1.8453145060636316e-21
1237645943978590386,55.5854993277786,1.02147552172556,0.03758542,13.784,16.15367,1.8187854494188187,0.1452520842284461,1.8428035249419312e-21
1237645943978590400,55.593625384354,1.00002820449244,0.07229859,7.766438,17.33766,1.9252726474832558,0.15375637893096278,1.8435559222223176e-21
1237645943978590447,55.6506011003738,0.88780197691662,0.04028767,2.303098,19.00714,4.704561645593996,0.37571632466165567,1.8633023127030464e-21
1237645943978590452,55.6556214005078,0.983725533782905,0.06966651,2.461958,18.79973,4.983640660102008,0.39800416984683834,1.8652967710520963e-21
1237645943978590674,55.5804530360606,0.970661447165057,0.1247911,4.641941,18.39027,2.044055895753845,0.16324266242209215,1.8443955610863426e-21
1237645943978590886,55.6724755495845,0.917053303404113,0.07245063,5.407398,19.01539,0.8469686351004265,0.06764072120973406,1.8359512167935135e-21
1237645943978655966,55.797029966971,0.961278456869579,0.1000678,3.370599,18.43174,3.731554808028826,0.2980099238489421,1.8563653131432816e-21
1237645943433461933,36.7913075977962,0.630729546044661,0.1323461,2.974326,18.26432,5.591069167896275,0.44651470571300417,1.8696451859456713e-21
1237645943978655982,55.8147588284992,0.998027448709593,0.1001597,4.560426,16.98527,7.724692031556313,0.6169103771777814,1.884999706049144e-21
1237645943978655993,55.8319963341421,0.890833609147749,0.1004212,3.984653,16.38268,17.625724823708797,1.4076279681580095,1.9579188723748584e-21
1237645943978721493,55.8833354370493,0.995625254458249,0.1430185,3.807311,17.92757,4.653024002432283,0.37160041858386467,1.8629342285531854e-21
1237645943978721574,55.9210776113015,0.914693455230002,0.1432213,3.262655,19.01821,2.320457902979075,0.1853167160974279,1.8463508345203457e-21
1237645943978721807,55.9596011048603,0.943500275522398,0.1391798,27.91449,19.2341,0.025983676745216226,0.0020751118304618505,1.8301822869014137e-21
1237645943978786994,56.0212218294548,0.898461008261342,0.1337825,3.53915,18.46821,3.2727894045259713,0.2613719404892297,1.853103534993585e-21
1237645943978787099,56.1396624293934,1.04715180542066,0.1031233,2.552258,17.58718,14.167031268381267,1.1314093257780897,1.932131146100042e-21
1237645943978787112,56.1398243394242,1.03464423755192,0.105235,3.33536,18.00314,5.655338019669141,0.4516473532575295,1.8701058617201075e-21
1237645943978787138,56.0127757950175,1.01880590760015,0.1391082,2.480398,18.91405,4.419134857550374,0.35292153274641636,1.8612646953881556e-21
1237645943978787182,56.1509965145075,0.979254661455099,0.1044729,8.839795,17.34884,1.4708880269770128,0.11746825424260368,1.8403475562630796e-21
1237645943978852519,56.1682611152072,0.866996096341836,0.1039954,2.199449,18.31367,9.770216954903187,0.780270359275894,1.899838616913942e-21
1237645943978852560,56.2434059362696,0.936547894912728,0.1307254,4.529769,16.66682,10.498322006268873,0.8384183812330305,1.905148673094377e-21
1237645943978852580,56.2755080816979,0.99131879494961,0.126912,3.323657,17.85087,6.552689708507663,0.523311772571727,1.8765499011966963e-21
1237645943978852725,56.1700384724235,1.04684571812846,0.1037631,6.011964,17.90368,1.9076348916823143,0.15234779014330901,1.8434312794503847e-21
1237645943978918089,56.3389981358199,0.867872906812484,0.04000779,4.911033,16.38565,11.571623510389745,0.9241345279774964,1.913003316643925e-21
1237645943978983579,56.5178995116382,0.885067351519781,0.04860179,6.990823,16.35591,5.869206464154695,0.468727343270727,1.871639677068623e-21
1237645943978983583,56.5188826089795,0.994071994575829,0.1373549,1.971859,18.37936,11.44206171799187,0.9137874469690255,1.912053440532366e-21
1237645943978983714,56.5536124215515,0.890587386376533,0.09915269,4.316504,18.197,2.8244617947685597,0.225567541594775,1.849921505720621e-21
1237645943978984136,56.5519218271942,1.029551210062,0.06694666,1.335426,21.38402,1.5673007632849512,0.12516798094724085,1.841027850283998e-21
1237645943979049162,56.6793786849622,0.981203828089436,0.1151391,4.49846,18.19402,2.6077399105120236,0.20825966979701185,1.8483852701398898e-21
1237645943979049320,56.6285657412951,0.865749697930196,0.07032809,3.42966,18.6594,2.9223879157896078,0.233388130429626,1.850616074901728e-21
1237645943979114582,56.7813870157235,1.00034293803214,0.03984664,3.786555,15.01756,68.62580648246852,5.480603238068451,2.380677050625158e-21
1237645943979114622,56.847420033255,0.875487656254738,0.0393708,15.47139,14.41695,7.147617973380249,0.5708240123836131,1.8808344212194953e-21
1237645943979114695,56.8376200025938,0.933106176907035,0.07041505,5.333491,17.31842,4.155362027980642,0.3318560721281333,1.8593836434430752e-21
1237645943979114726,56.8721370568829,1.0398805936064,0.04014628,7.552201,17.32375,2.0623051192661728,0.16470008432502378,1.8445245925990137e-21
1237645943979114890,56.7911060602372,0.95540962210159,0.1350555,2.019281,19.26493,4.826524134954465,0.3854565091253914,1.864173663973502e-21
1237645943979115143,56.8938649925012,1.01286087976044,0.04007165,4.233843,19.17026,1.1979163739222445,0.09566815596594373,1.8384228151035133e-21
1237645943979180452,56.9268573397787,0.973781158930109,0.03926044,4.293547,19.05771,1.292062605174646,0.10318687474392513,1.839086418881921e-21
1237645943979180535,56.9773270571597,0.898402120197426,0.04008322,18.0157,18.5931,0.11257908573774716,0.008990805841978776,1.8307899228219252e-21
1237645943979180612,57.0173229052629,1.04552781312669,0.01949213,7.763759,18.78801,0.5065845129190433,0.04045691940347116,1.8335571885919367e-21
1237645943979245589,57.0887482672584,1.00131328843581,0.03979781,6.043564,16.20706,9.007198813148936,0.7193341034743448,1.8942898213245432e-21
1237645943979245727,57.1013941376159,0.994964083188466,0.03884962,5.895797,17.09208,4.188735682994186,0.3345213633809237,1.8596215370101877e-21
1237645943979245736,57.1285931926184,0.892460212209378,0.02502873,3.27422,18.18203,4.977053235064011,0.3974780840367866,1.865249668950999e-21
1237645943979245899,57.0966308643726,1.00642096843352,0.0390997,5.722908,17.95354,2.010714784695833,0.16057997019898476,1.8441598453795763e-21
1237645943979311221,57.2483849503072,0.925978887679797,0.035788,14.53016,14.8515,5.430742446419024,0.4337106718674916,1.868496466967992e-21
1237645943979311256,57.2689700378638,0.899273029069569,0.1095298,5.026924,17.0518,5.979644445911507,0.4775471559832633,1.872432205363634e-21
1237645943979311273,57.2892121169487,0.891086408969911,0.1091017,5.311011,16.82152,6.622738362366086,0.5289060074352092,1.877053866179088e-21
1237645943979311388,57.3273340594895,0.907712921389809,0.1178263,3.170297,18.37691,4.436455202363314,0.35430477241574554,1.861388279098577e-21
1237645943979311429,57.2270325573901,1.00001593261018,0.1147309,3.721374,19.17482,1.5440642291853337,0.1233122617862517,1.840863868915818e-21
1237645943979311619,57.2813691836663,0.89182949583592,0.03625794,3.721034,18.60555,2.6088717100323957,0.2083500577200708,1.8483932895991543e-21
1237645943979376950,57.421656889938,0.913757499648545,0.1360623,3.555997,17.84332,5.764335210478501,0.4603521013327707,1.870887407403751e-21
1237645943979377067,57.4271597230016,0.917579255338808,0.1363701,2.287902,19.65534,2.6241530684404184,0.20957045958732595,1.848501570336486e-21
1237645943979377207,57.4972795319497,0.942526509767671,0.07097984,11.30342,17.71517,0.6419663587376373,0.05126880228835381,1.8345089974189855e-21
1237645943979442305,57.5268361924038,0.932086554141772,0.1187403,4.018443,17.36477,7.014171415659569,0.5601666857328891,1.8798725232641912e-21
1237645943979442317,57.5563220081639,0.925416476675844,0.1181179,3.171918,17.0571,14.94569437347505,1.1935950217120477,1.9379070061905953e-21
1237645943979507954,57.6747198792202,1.04075485470765,0.0371233,7.122797,14.54672,29.92339502148807,2.3897461327564096,2.0524286129951117e-21
1237645943979508039,57.72342665223,1.02211615421805,0.03656904,2.793019,18.04459,7.762761081244323,0.6199506526613722,1.8852748102049317e-21
1237645943979508109,57.7046790004628,0.960463191525081,0.03839651,6.501082,17.82738,1.7501558020521515,0.13977117424917554,1.842318777178314e-21
1237645943979573431,57.8361738408585,1.01543706664847,0.1193093,2.119885,18.27357,10.913081442309885,0.8715419541963081,1.908180138258558e-21
1237645943979638914,58.0750091631399,0.902527542159108,0.1186984,1.349901,19.31721,10.29229349061719,0.8219645046537657,1.903644607223352e-21
1237645943979638945,58.0593558135251,1.0092920120905,0.03829079,9.851483,16.50309,2.5808381836526775,0.2061112405268563,1.8481946659672378e-21
1237645943979704546,58.2487545391735,0.911074100469247,0.03801756,3.985813,16.22751,20.32179946221731,1.622942237690984,1.978259057943471e-21
1237645943979704597,58.1698573175944,0.942221053157348,0.08506674,3.021042,18.57424,4.073713420826556,0.3253354402596135,1.8588017654093446e-21
1237645943979704612,58.1194082007016,0.867978413758383,0.1239006,2.996649,18.7054,3.6691734871148074,0.29302801854362964,1.8559214508784084e-21
1237645943979704615,58.1388062686743,0.990758484350053,0.11983,3.88394,18.30851,3.1481178047156675,0.2514154006882719,1.8522181226290096e-21
1237645943979704700,58.1437055151929,0.96003659897777,0.06200153,11.30318,18.87766,0.22005675914035874,0.017574202017015293,1.831544369198945e-21
1237645943979770022,58.3871036581993,1.04258119674226,0.07624648,6.214191,15.42923,17.43969176166307,1.3927709711404799,1.9565231079661578e-21
1237645943979770023,58.380726252479,1.04766555431653,0.07588752,1.882212,18.82187,8.35439344325222,0.6671996746425553,1.8895553771981303e-21
1237645943979770136,58.3144786503018,0.861913704051609,0.03744578,9.15416,17.25205,1.4994880261672914,0.11975231116237248,1.8405493333351568e-21
1237645943979770176,58.2593946201597,1.04556048550893,0.1199057,5.113708,18.16544,2.071820609290729,0.16546001164848215,1.8445918756486938e-21
1237645943979770260,58.29771620043,0.864466884704235,0.1062404,3.549104,18.97437,2.041806342419793,0.16306300829606069,1.844379656197836e-21
1237645943979770291,58.3121161332288,0.913615890937741,0.1064055,5.872248,18.03316,1.7747092899609316,0.1417320681495352,1.8424921897385622e-21
1237645943979835545,58.4278239699535,0.932018225136344,0.03694114,3.611434,16.32196,22.69115671129685,1.8121641598371903,1.996308742473713e-21
1237646549576712337,52.3847159884546,1.27328492151448,0.109002,6.112577,17.58132,2.4832664099973125,0.19831895062821175,1.847503515136774e-21
1237646586102415745,87.4857945485601,-0.437006524874704,0.1075606,2.969551,17.70897,9.354712035447038,0.7470872504174723,1.896814983080231e-21
1237646586638631776,86.0206272550022,-0.168092536402181,0.1212948,2.797595,17.96889,8.296106407840046,0.6625447477077587,1.889133228735007e-21
1237646586639286761,87.5010359262949,-0.197174167042477,0.1195249,6.671866,17.67426,1.91338061460146,0.15280665582736855,1.8434718824905784e-21
1237646586639286849,87.5353520184452,-0.0106899586008848,0.1095455,4.649282,16.71046,9.57291542869227,0.7645134386821282,1.8984022510683462e-21
1237646586639483915,87.8868395523243,-0.123869912917329,0.1495817,2.557425,18.02051,9.466516308665453,0.7560161780795067,1.8976281104573817e-21
1237646586640401807,90.0901720097547,-0.0150478266971489,0.126261,3.118826,17.69711,8.573807094233183,0.684722516670647,1.8911453440202375e-21
1237646587169866225,73.1566203533891,0.403315174668064,0.1210211,0.9120584,19.6919,15.96594779719694,1.2750746356402143,1.9455010426357303e-21
1237646587175305670,85.4808056360877,0.289600353006093,0.05318839,7.761116,15.95683,6.877326625761857,0.5492379690143789,1.878886641347844e-21
1237646587175306089,85.5920211406099,0.370440380973511,0.05301767,7.369528,16.61021,4.178656320711697,0.3337164040165892,1.8595496862493074e-21
1237646587175371367,85.636965279422,0.407375724134304,0.1248497,3.219205,18.94434,2.5513305703449456,0.20375469960834133,1.8479856211653286e-21
1237646587175371616,85.7175745318452,0.312184719988049,0.1218914,5.451441,16.6183,7.579793388223277,0.6053384625505102,1.88395297010959e-21
1237646587175372001,85.6152709372312,0.361782495022219,0.1484322,7.356403,18.68498,0.6204074072280427,0.04954705845015164,1.834357393064648e-21
1237646587175372327,85.7384094505398,0.283343074389934,0.1498839,2.953612,18.94321,3.033954842050548,0.24229810305753613,1.8514077132245433e-21
1237646587175437486,85.7797349698074,0.309462203837918,0.1147904,7.935444,17.10183,2.291529949008407,0.18300646800959172,1.8461461005049522e-21
1237646587175502059,85.9961163909275,0.243688043592525,0.1210648,4.193026,17.91646,3.8757958133096415,0.30952931809906636,1.8573920387591837e-21
1237646587175568426,86.1662613990878,0.404535196092754,0.1206641,4.434554,17.76984,3.966104058415393,0.31674152711955056,1.858035153252981e-21
1237646587176092705,87.3959488393357,0.285613545290974,0.1193381,6.238555,17.84745,1.8657436986836295,0.14900227014488404,1.8431352758797477e-21
1237646587694612608,45.3907125717805,0.845976497134738,0.1334663,3.574742,18.12339,4.407117140764648,0.3519617722582556,1.8611789516842057e-21
1237646587698938097,55.2553052423525,0.848602831694655,0.1300828,2.149439,18.86076,6.180815086631685,0.49361307231194024,1.8738767145476152e-21
1237646587709817716,80.2038552354776,0.787040041723403,0.08010395,3.810994,18.15522,3.765611138772559,0.30072973504123046,1.8566076791949666e-21
1237646587709882563,80.3162288689701,0.823378551228203,0.08767803,1.315672,17.81284,43.30806058405431,3.458674065011803,2.1604841108427574e-21
1237646587709883085,80.3626921814238,0.822749640374856,0.08794557,5.307103,16.47364,9.137533181596348,0.7297428840535133,1.89523648565273e-21
1237646587709948506,80.4706747482816,0.83090097716022,0.140993,3.479018,18.8177,2.4547464945988726,0.1960412893708237,1.8473015427929583e-21
1237646587709948786,80.4248920587711,0.767694769845392,0.1389496,3.236477,18.76803,2.969223915419955,0.23712855322957996,1.850948364885461e-21
1237646587709948800,80.4357200159108,0.832379271919742,0.06487791,6.19549,17.78685,2.000362384549186,0.15975320544861366,1.844086661886717e-21
1237646587710210687,81.0171605516399,0.73051070557937,0.08550129,2.41252,17.70665,14.203590908194974,1.1343290565705695,1.9324019476101333e-21
1237646587710211004,80.9842185675133,0.759456984891919,0.1317314,4.274679,17.72692,4.440429555802399,0.3546221727559957,1.861416637967713e-21
1237646587710538208,81.8328605774899,0.78762631938326,0.1006068,3.043863,18.03118,6.617253874325921,0.5284680045256221,1.877014403151295e-21
1237646587710539083,81.7210894730163,0.830818856234556,0.1064974,2.332978,19.93069,1.9584059195153989,0.15640247268628432,1.843790091740273e-21
1237646587710669400,82.0386790197966,0.847177136346427,0.06774854,3.46188,18.95082,2.1930472080981867,0.1751414263234981,1.845449271277534e-21
1237646587712242267,85.7030737768616,0.672030881261745,0.05184619,8.517004,15.39363,9.593438539328604,0.7661524580594445,1.8985516098111353e-21
1237646587712242910,85.6603854970392,0.648243932098602,0.05386671,8.341949,17.55453,1.3666362595859687,0.1091424858003242,1.839612232439003e-21
1237646587712308444,85.8849696248277,0.709815687546609,0.1146805,3.919659,17.72818,5.275108874870968,0.4212814429826357,1.867382048861225e-21
1237646587712897596,87.1444671715385,0.697449995178145,0.1142115,6.07696,16.94155,4.529051348345969,0.36169969807880265,1.8620491081161867e-21
1237646587713028339,87.545881409243,0.671736573137649,0.1494735,7.358296,18.54393,0.7061118368796452,0.05639159695164637,1.834960147903627e-21
1237646587713029099,87.4512539947237,0.725302869487968,0.0415822,3.052301,17.78529,8.253331365267465,0.6591286415977098,1.8888234871112092e-21
1237646587713029177,87.4810276609431,0.638043411211753,0.1136948,6.487499,17.15468,3.2656782379890243,0.26080402756628585,1.853053020412733e-21
1237646588232401167,47.5137015029324,1.26788983038765,0.1335248,3.848346,18.48137,2.734662756531602,0.21839599892062614,1.8492848093441332e-21
1237646588232597741,47.9093145125408,1.26754957765348,0.1333634,3.782466,18.99019,1.7716337055027926,0.14148644541656907,1.842470467084195e-21
1237646588233253503,49.498925691597,1.26551928847476,0.03348958,4.736378,18.89068,1.2383268500123923,0.0988954227546864,1.8387076250456805e-21
1237646588233449635,49.9229730916582,1.26693549659197,0.08514857,3.649242,17.99577,4.75649090611589,0.3798635061368854,1.863673267359844e-21
1237646588234694942,52.7105899940748,1.26848513727278,0.08577748,3.819994,18.50237,2.7222414249397215,0.2174040048934088,1.8491967564251975e-21
1237646588246622698,79.9662277117742,1.24328375157858,0.08677593,3.032029,18.03412,6.650974739426572,0.531161024716333,1.8772570510428188e-21
1237646588246623255,79.9578089137973,1.17557157755151,0.1493216,4.769468,19.06117,1.043739504509266,0.08335526241975436,1.8373365935119387e-21
1237646588246688243,80.1082048592195,1.17670033213907,0.1499286,3.05282,18.24143,5.420328446292956,0.43287898761141297,1.868421876500342e-21
1237646588246688297,80.1351262715785,1.18667941555908,0.08704335,9.970702,15.63655,5.596654884158143,0.44696079292422763,1.8696852195650084e-21
1237646588246754110,80.3284368055254,1.11356288726268,0.07978687,4.058053,17.14898,8.39020496489626,0.6700596591227758,1.8898147917584002e-21
1237646588246754235,80.2482811691715,1.13739714658025,0.1386698,4.052877,18.07728,3.577347694598869,0.28569461495106685,1.8552682752354685e-21
1237646588247081807,81.0517900476276,1.13277158097924,0.02760175,7.961642,16.2286,5.088089116402542,0.4063456462848339,1.8660437683827206e-21
1237646588247344107,81.6700212391875,1.11040389130349,0.09943488,5.797102,17.23233,3.807554394014316,0.3040794128414007,1.8569062169957324e-21
1237646588247540577,82.138894235229,1.06307163479155,0.1051184,2.594866,18.24596,7.4711271692108845,0.5966601465887136,1.8831683556617804e-21
1237646588249244644,86.0549447351681,1.12946199583164,0.0505817,6.698324,16.16724,7.606269319508557,0.6074528868781871,1.8841441866605618e-21
1237646588249703128,86.9846152190893,1.17404007766896,0.1374329,3.679671,17.54234,7.10306877738102,0.5672662185978441,1.880513250835306e-21
1237646647834706365,72.8281399277077,0.538872139294755,0.1372496,1.216171,19.71781,8.767720835101246,0.7002088815030801,1.8925516410417072e-21
1237646706891425887,99.8432189710642,-0.241963424570272,0.05452774,1.969104,18.87407,7.275028369170712,0.5809992782715439,1.8817532691254516e-21
1237646791699271633,100.374515198103,-0.738091437377951,0.08317085,1.159847,18.77327,23.008621136308925,1.8375175457553174,1.9987396542640366e-21
1237646793310208211,101.042872578408,0.56180302911532,0.1288867,2.45277,13.36219,751.2947407590982,60.0,3.260011991869032e-20
1237646794374578866,79.7859738912545,1.38142666080569,0.08649507,5.170944,16.99279,5.966839155702698,0.47652449820217424,1.8723402944660042e-21
1237646794374644411,79.9262780223189,1.36024873608446,0.08914367,4.940088,17.43276,4.359399092478884,0.3481509071718675,1.8608385331295436e-21
1237646794374644459,79.7919012859807,1.36384920600672,0.08605768,5.089231,17.65743,3.339824699110781,0.2667255220556662,1.8535797917476996e-21
1237646794374775255,80.1194902084204,1.3196468965765,0.0877929,5.712163,15.46061,20.051867048018835,1.6013848595100262,1.9762131048799427e-21
1237646794374775501,80.1996064083496,1.32120289112588,0.09000331,5.978908,17.0551,4.214210825674055,0.33655586259656806,1.8598031490085958e-21
1237646794374775541,80.2154735892919,1.3113354870554,0.08640796,4.869212,17.25712,5.275147805138322,0.42128455203679843,1.8673823275392586e-21
1237646797063062112,119.565801322409,0.114221408041834,0.05640503,1.801398,20.90042,1.3446605001982077,0.10738745479620267,1.8394572672941742e-21
1237646797600064494,119.864533501744,0.577223096875309,0.09494595,7.917307,16.52628,3.911407185277789,0.31237331819938646,1.8576456123776504e-21
1237646797600326450,120.402007149603,0.525899166060336,0.09378362,4.53621,16.56046,11.5459506450865,0.9220842382115406,1.912815059773751e-21
1237646797600391839,120.518073644459,0.453748005205993,0.09391728,3.565459,16.6939,16.527573853038565,1.3199272900278252,1.9496940771876992e-21
1237646797600457568,120.756909227274,0.585627219418022,0.1148564,9.722318,15.9544,4.392384557774157,0.35078519676601094,1.861073843410282e-21
1237646797600522764,120.905096610494,0.529056788843353,0.09134324,8.229548,16.03389,5.697601027860238,0.4550225672100506,1.870408862619138e-21
1237646798137655820,121.37069489471,0.979036635258827,0.09697511,3.723686,16.46968,18.62867200286035,1.4877254684922874,1.965460933051211e-21
1237646798137852371,121.820751766195,0.931990370368578,0.1019892,5.769433,16.28448,9.203260848359461,0.7349920356738243,1.895714068232022e-21
1237646798137918215,122.087899886235,0.843146890967,0.1015183,5.790726,16.01315,11.7293506085681,0.9367309503631227,1.9141603222823126e-21
1237646798138573693,123.612777090055,0.948787094735607,0.06836367,6.683921,16.05639,8.460214683870115,0.6756507845633547,1.8903220370159694e-21
1237648675071460094,249.479311878075,0.79597771764627,0.08474916,3.312479,17.45277,9.51887738613718,0.7601978453771232,1.8980090406580653e-21
1237648675603153235,237.649480632532,1.12996854316495,0.08897925,3.380752,17.45192,9.145456170762506,0.7303756308626937,1.8952940483591377e-21
1237648675603218728,237.74497616477,1.20286757798458,0.1424906,3.593521,17.16021,10.589504169656667,0.8457003832309945,1.9058147077184737e-21
1237648675603284221,237.929171492867,1.13460247119238,0.08769272,4.997667,17.28245,4.891987847654138,0.39068458081136087,1.8646415322866415e-21
1237648675603284401,237.927604249963,1.15488401449068,0.08945534,6.282948,17.27139,3.126922153007168,0.24972267074685767,1.8520676340992052e-21
1237648675603611961,238.68714722799,1.08402394419129,0.1264581,4.588527,16.91744,8.122269901490931,0.6486617936351555,1.887874764097665e-21
1237648675603677570,238.889882877775,1.20231450034743,0.06984673,5.527265,17.03066,5.043307237082794,0.40276926991293216,1.865723459484167e-21
1237648675603743074,238.95211339806,1.20601241788535,0.1002968,7.210501,16.69891,4.022583956682394,0.32125213222853355,1.858437478221944e-21
1237648675603808635,239.15138455562,1.06863771134874,0.04958897,8.605379,16.69953,2.822591278286683,0.2254181581599872,1.8499082410820043e-21
1237648675603808673,239.159410391704,1.14460509296858,0.1480802,4.477527,17.17182,6.748318522978029,0.5389351068391309,1.877957691381801e-21
1237648675603808687,239.175064212082,1.06785072355811,0.05020094,6.790329,16.50062,5.444655003139508,0.43482175831325276,1.8685961205580618e-21
1237648675603874096,239.284388586155,1.08705538399252,0.03276557,11.56312,15.63163,4.18020840948342,0.33384035713545335,1.8595607501374192e-21
1237648675603939394,239.409240854992,1.09008012852862,0.09217949,7.371662,16.52342,4.523776830186309,0.3612784638115964,1.8620114592700086e-21
1237648675603939565,239.366466635442,1.10426363817545,0.1171812,5.831549,17.11164,4.205098195214282,0.33582810849698,1.859738183133729e-21
1237648675604070704,239.711028687138,1.12166772190146,0.1037619,2.724885,17.40096,14.754335123069314,1.1783126639349344,1.9364859696233045e-21
1237648675604267318,240.176249712123,1.14952373800928,0.06800771,4.449306,17.62254,4.512315413155665,0.3603631306080872,1.861929651743298e-21
1237648675604463996,240.597023753011,1.19663946440624,0.06836636,6.430314,15.3916,16.86147794733475,1.346593582989664,1.952191248459494e-21
1237648675604660546,241.061735597255,1.145021787447,0.1176502,4.717111,17.68382,3.7941964048904513,0.3030126153464229,1.8568111341709384e-21
1237648675604660569,241.079456201863,1.1385168226917,0.04806982,7.364064,15.82596,8.617492051960115,0.6882112905451553,1.8914620639051526e-21
1237648675604791584,241.328515529724,1.14357195887402,0.1050607,2.93488,17.40251,12.700338683571035,1.0142761284929627,1.9212984260053482e-21
1237648675604987914,241.766474543155,1.10819243999878,0.02725771,9.732749,14.6934,14.001319086934094,1.1181751976158398,1.930904172433284e-21
1237648675604988405,241.852654857948,1.13841484363252,0.05667758,4.740796,16.23611,14.251266601309144,1.1381365390826392,1.9327551440419394e-21
1237648675605053874,242.001596221703,1.07627361434789,0.1052944,4.825862,16.62916,9.5760455370263,0.7647634158080855,1.8984250299476608e-21
1237648675605053923,242.032774690535,1.08536356748174,0.0244775,5.03359,16.0306,15.275812662742398,1.219958972211725,1.940360920990878e-21
1237648675605119332,242.104730406433,1.10736196643851,0.08144762,9.263808,17.0355,1.7873965250237742,0.14274529779493567,1.8425818015676685e-21
1237648675605119520,242.186566640871,1.07892854544347,0.0277606,4.418511,16.77331,10.002858353173755,0.7988495974083619,1.9015336552177793e-21
1237648675605119699,242.103892401446,1.13532098806702,0.05574461,18.01253,17.53811,0.2975819365808931,0.02376552799612735,1.8320887551215113e-21
1237648675605184926,242.273332856091,1.0829775692964,0.05533386,4.414733,17.2624,6.386032350163483,0.5100021605670596,1.8753514288138852e-21
1237648675605250186,242.438397490384,1.17187636394415,0.05555231,13.2549,16.09402,2.0779691173070507,0.16595104460927,1.8446353524207432e-21
1237648675605250531,242.451059751996,1.08957908403602,0.05591223,9.320498,16.14748,4.000642689089497,0.31949985581269746,1.8582811729795528e-21
1237648675605316104,242.591052592067,1.24363458496336,0.05762954,4.472655,17.49148,5.038220840477138,0.4023630594341645,1.8656870817706695e-21
1237648675605381412,242.684985696596,1.16238765343234,0.1317776,3.614813,17.24625,9.667814950014439,0.7720923168113388,1.8990929891476528e-21
1237648675605381419,242.690510111464,1.21506587557357,0.02796681,7.758487,17.07635,2.454177253033169,0.19599582852557978,1.8472975117626577e-21
1237648675071525222,249.679882674704,0.798560673368842,0.1026237,5.430703,17.49669,3.4010412191264128,0.2716144038775019,1.854014815550784e-21
1237646798138638712,123.743041475178,1.00639863332928,0.0904626,5.416131,16.10942,12.270257585488315,0.9799289349283035,1.9181334576801447e-21
1237646798137459660,121.061604737861,1.00643834558467,0.09642675,9.266121,16.37992,3.267654010873408,0.2609618170018185,1.8530670552910073e-21
1237646798137065629,120.062324614895,0.987564717723915,0.01852783,1.460981,19.83407,5.458620024250621,0.4359370346771205,1.868696155287801e-21
1237646794374776036,80.168240460738,1.27711746296848,0.1436649,4.81974,18.39167,1.8935848842557368,0.15122572659107,1.84333199666566e-21
1237646794374775785,80.0880040711754,1.36404211925617,0.1428345,2.859499,18.74672,3.8791100617933356,0.3097940010500221,1.85741563666937e-21
1237646794374775564,80.2226585086061,1.38642739697346,0.08754358,3.432089,17.02203,13.184720185115813,1.0529598680640953,1.924869244543745e-21
1237648675071132414,248.728854432051,0.756608599798307,0.09085388,5.301136,16.41091,9.702822971252797,0.7748881320358394,1.8993478628775933e-21
1237648675071132296,248.704636869059,0.803722970716421,0.09088155,7.179093,16.38862,5.400237263698525,0.431274462928533,1.868277981448703e-21
1237648675070935742,248.235666526591,0.779437041294071,0.07374188,4.061126,17.68782,5.100104465717929,0.4073052177017652,1.866129719270748e-21
1237648675070607855,247.453535460749,0.814562287473447,0.0720602,8.39868,16.5525,3.3929536829581877,0.27096851599386884,1.8539573371279183e-21
1237648675070018476,246.213256075529,0.735962869003225,0.0566049,5.727541,16.86476,5.47217007199406,0.4370191703829886,1.8687932225847256e-21
1237648675070018322,246.163597401783,0.782917290377332,0.05639601,4.295962,15.94403,22.712614917921304,1.8138778579740447,1.9964729606151913e-21
1237648675070018180,246.120931082305,0.792977657020958,0.0569903,2.722897,17.04159,20.57318697629552,1.6430185806046222,1.980166354739464e-21
1237648675070017789,246.168418531115,0.815666680575602,0.05713774,11.01864,14.96719,8.489224364904162,0.6779675595487409,1.890532262343692e-21
1237648675069953090,246.025120831146,0.785291131523287,0.0573995,8.109276,17.47153,1.5610752423495537,0.12467079757051919,1.8409839150429773e-21
1237648675069953020,246.096302694018,0.791413869749349,0.05803312,6.297788,16.5959,5.79780929099587,0.46302541278043613,1.871127493113923e-21
1237648675069953008,246.095644089088,0.822249692154783,0.06000083,8.37392,15.57176,8.422448902800149,0.6726347287582675,1.890048393620062e-21
1237648675069952949,246.067612368159,0.753096243585364,0.0582104,3.47984,17.61861,7.403506263612543,0.5912597968780245,1.8826802700756377e-21
1237648675069952872,246.041950025098,0.739556986200301,0.05620848,3.967127,17.28193,7.767402176117357,0.6203213003942456,1.8853083515993436e-21
1237648675069952782,246.004068516519,0.790919279643092,0.05743192,18.20099,14.49114,4.823407761605281,0.3852076289046113,1.864151394220775e-21
1237648675069952364,246.062281005951,0.736560862510434,0.0574201,4.881876,17.23212,5.370052255232093,0.42886382378821897,1.868061814242072e-21
1237648675069952145,245.984026465294,0.816128650918666,0.05777619,5.642674,16.57181,7.384244698858614,0.5897215272449003,1.8825412638529577e-21
1237648675069952058,245.951800598251,0.79684636508516,0.05413438,5.18802,17.26359,4.619135654076103,0.3688940228232389,1.862692236081456e-21
1237648675069887257,245.927938183034,0.807282111411022,0.1042009,4.953172,16.33998,11.864274371451724,0.947506249768038,1.9151506095835654e-21
1237648675069887059,245.86289818086,0.826486582671851,0.05630004,7.592529,16.75826,3.434971050238245,0.2743241125394486,1.854255975554048e-21
1237648675069821590,245.731894706378,0.787622538399219,0.08477565,4.228328,17.56474,5.2694666701382245,0.42083084448167646,1.8673416601995114e-21
1237648675069821123,245.694411030815,0.776780301113565,0.05696096,3.891073,16.60095,15.117544049809574,1.2073193033031224,1.9391840530912555e-21
1237648675069756079,245.577559285558,0.76560136680611,0.1420054,6.272039,16.34285,7.379764443287657,0.5893637244816522,1.882508932364223e-21
1237648675069559475,245.192691242284,0.783092437249952,0.04733117,5.359711,16.75193,6.933384007297129,0.553714831036224,1.8792904375119474e-21
1237648675069559337,245.136179545643,0.782047899701638,0.1399294,4.659039,17.07437,6.818036286416207,0.5445029160880871,1.8784596517442372e-21
1237648675069493953,245.020907199464,0.791421323805428,0.05618966,4.03992,17.5825,5.678772489224575,0.4535188799660825,1.8702738670134937e-21
1237648675069493530,244.99511228798,0.776329877887107,0.074072,4.094675,16.04626,22.753967119448124,1.8171803329642227,1.9967894641974207e-21
1237648675069362990,244.746844560247,0.787076541973039,0.08456031,8.383498,16.1885,4.76156228776539,0.3802685174892376,1.863709498535877e-21
1237648675069297171,244.528459337179,0.758773470621823,0.1192615,2.483562,17.57105,15.185531167003058,1.2127488994526807,1.9396895102955396e-21
1237648675069296857,244.572952960161,0.750200144932049,0.04842826,4.776808,15.98433,17.70078100400224,1.4136221147602557,1.9584822839553933e-21
1237648675069231753,244.410359060226,0.814791354236705,0.03191336,4.923803,16.06219,15.506817039141161,1.2384074742868514,1.942079926111131e-21
1237648675069231617,244.357721383443,0.758055684234468,0.08418034,6.793024,16.21497,7.0775949120412145,0.5652318213933009,1.8803296256778187e-21
1237648675069231498,244.31423166423,0.779550420046871,0.05587652,2.716759,16.8691,24.224664505572672,1.9346333622218408,2.0080786476924383e-21
1237648675069035049,243.95880535406,0.834842904544759,0.05615441,4.429742,17.02188,7.9157329657315225,0.632167313541972,1.8863806590330705e-21
1237648675068969138,243.828327515219,0.772318374708,0.08283905,7.589236,16.08913,6.367249730448531,0.5085021405060134,1.8752164065661022e-21
1237648675068773098,243.392509073505,0.756450994839365,0.08218662,6.406536,17.47286,2.4980979224326787,0.1995034268368737,1.8476085576728718e-21
1237648675068773069,243.379675383725,0.813519805611049,0.08204021,4.001787,17.70554,5.1674473677047885,0.4126833654512477,1.866611524882192e-21
1237648675068773033,243.367706318121,0.818553093016932,0.08187652,2.829294,17.23955,15.879025379376783,1.2681328260064348,1.9448528963268717e-21
1237648675068772936,243.323791283936,0.778364757223528,0.0738822,5.379291,17.69351,2.8916513121877983,0.23093343972562183,1.8503980386234234e-21
1237648675068642049,243.102759668243,0.827030547793542,0.08105326,3.163852,17.59441,9.15806413501608,0.7313825297722352,1.8953856523092885e-21
1237648675068641997,243.08575857351,0.804879166708207,0.05781441,7.347409,15.59682,10.690636626911877,0.8537770369144498,1.906553696012675e-21
1237648675068576216,242.869801927503,0.666949637160285,0.1164792,2.838489,17.75229,9.838062311143572,0.7856886340934578,1.9003327858634945e-21
1237648675068510546,242.673525827608,0.645629408188619,0.07331888,8.124478,16.36747,4.299530815790077,0.34336969893700214,1.8604115234174732e-21
1237648675068445600,242.594564246268,0.728287786857084,0.04164413,5.910091,17.33071,3.3460133094757403,0.2672197576755274,1.853623765316849e-21
1237648675068445173,242.568982923146,0.750119581867514,0.04427702,8.119463,16.26049,4.750610078943039,0.37939385073903903,1.8636312541913348e-21
1237648675068445157,242.556605313895,0.714710355620249,0.04190006,2.865144,17.14299,16.9243146773349,1.3516118582356742,1.9526615434837433e-21
1237648675068445149,242.556132053792,0.693409353017957,0.04277612,3.364134,17.56981,8.285704248923638,0.6617140091159328,1.8890579001947427e-21
1237648675068444804,242.544110845322,0.753474172342132,0.04257753,7.448746,17.17135,2.439459821490756,0.19482046306028644,1.8471932947169463e-21
1237648675068444796,242.536767974927,0.769702212434085,0.04191988,13.65532,14.9507,5.6119815713163215,0.44818481484212574,1.869795072505114e-21
1237648675068444794,242.550339164535,0.783708744210022,0.04329774,13.29219,14.1541,12.335788622249304,0.9851623832573662,1.918615363918637e-21
1237648675068379652,242.444787727104,0.686897562643608,0.04282607,7.946696,15.9621,6.528100039348728,0.5213479891595798,1.8763730229299764e-21
1237648675068379571,242.398935351216,0.665118570154414,0.1165818,6.626772,17.15136,3.1394382326159604,0.250722231552739,1.852156496433358e-21
1237648675068379511,242.362370255738,0.686754356509005,0.1163819,3.084497,17.05523,15.832128117621433,1.2643875106825475,1.94450329155988e-21
1237648675068379494,242.354481185825,0.753852859261726,0.115787,5.063968,17.08157,5.733107625663381,0.45785819982214104,1.870663461979252e-21
1237648675068379467,242.498754100599,0.777210940324502,0.0436522,6.83152,14.72286,27.658034356648592,2.2088295995819123,2.0346825011537775e-21
1237648675068379218,242.477105121354,0.791814937221442,0.1163963,1.843285,17.41309,31.884456766447055,2.546360705325696,2.0679158838725925e-21
1237648675068248528,242.143852913512,0.678413739072689,0.1368989,6.388525,17.41467,2.6505182733784123,0.21167604107280433,1.8486884039705236e-21
1237648675068183075,241.975581471504,0.675085107737281,0.1174917,7.413044,16.27417,5.627802450551436,0.449448303993065,1.8699084743016977e-21
1237648675068051854,241.736530031173,0.712536955031365,0.05773805,9.330507,15.60347,6.588727011426848,0.5261897884260194,1.8768091546411533e-21
1237648675067986449,241.494650008633,0.69605006365956,0.07091825,9.097128,16.29092,3.6797930016814298,0.2938761156211542,1.8559970044910542e-21
1237648675067986376,241.579548373114,0.738634789154046,0.05541354,5.39596,16.05973,12.941081037623857,1.0335023262280547,1.9230723290547417e-21
1237648675067920815,241.402812989744,0.732715849995085,0.07801124,7.928008,15.37877,11.224418233054527,0.8964059741757429,1.9104588591799152e-21
1237648675067855293,241.227983368321,0.732564392457604,0.07130937,3.95729,16.50694,15.937795307470578,1.2728263177804684,1.945291096936991e-21
1237648675067592710,240.558213802963,0.719401376384149,0.050244,2.494557,17.27798,19.71610562730583,1.5745702365001202,1.973671153455185e-21
1237648675067527544,240.477656123862,0.710363386658337,0.131037,3.896772,17.00949,10.346513006605164,0.8262945908140807,1.9040403097122075e-21
1237648675067331235,239.987735440863,0.743525633759667,0.05636472,7.49761,17.50424,1.771977926876264,0.14151393566944562,1.842472898284794e-21
1237648675067265539,239.944971162317,0.797136799880288,0.05311374,4.530299,17.32666,5.7158690048697816,0.45648148680725836,1.8705398484603663e-21
1237648675067265378,239.884447684927,0.763026148891628,0.1205699,6.699125,17.18895,2.9674529181662854,0.2369871176125639,1.850935799006961e-21
1237648675067199844,239.677577111952,0.664812099284866,0.1039291,4.990843,16.88838,7.051803199350239,0.56317204022154,1.8801437276249293e-21
1237648675067134474,239.63904012521,0.785250318829593,0.1185324,3.783144,16.98972,11.179084919278838,0.8927855590723534,1.9101268886284667e-21
1237648675067134405,239.601256185341,0.692351842238002,0.1017071,4.710662,16.9156,7.719623373177454,0.6165055833116293,1.8849630806616645e-21
1237648675067134282,239.544099660839,0.699226482945485,0.100911,4.288867,17.49133,5.480028820171044,0.43764678676979124,1.8688495219247488e-21
1237648675066937657,239.118703796922,0.748423409040963,0.03247265,4.414183,17.65409,4.453109068300604,0.35563478566091716,1.861507115102969e-21
1237648675066871814,238.927393458291,0.746777900443245,0.09314138,3.197459,17.21646,12.700067560222863,1.0142544760042551,1.9212964291635472e-21
1237648675066806831,238.777866841587,0.718735356552512,0.1261999,6.236354,17.61072,2.3219372618665557,0.18543486085265293,1.8463613051100705e-21
1237648675066675633,238.539949001507,0.676397181793762,0.09369648,6.043297,16.44567,7.23076293802297,0.5774641465518928,1.88143398842283e-21
1237648675066675556,238.489209902353,0.688089521656516,0.03862771,8.962883,15.14973,10.844575221205874,0.8660709013015578,1.9076790958364294e-21
1237648675066610330,238.422446301658,0.822925978150095,0.1023336,6.050228,17.47754,2.7889486473187834,0.2227313859139384,1.849669682923415e-21
1237648675066609956,238.336501002084,0.807810286228758,0.05060026,6.036284,16.60542,6.255941382114612,0.49961281846272676,1.8744164459229624e-21
1237648675066544505,238.278166201511,0.7876223145267,0.1470251,4.737492,17.56752,4.186923450842151,0.33437663465699813,1.8596086183037634e-21
1237648675066544427,238.230969159316,0.71802539011305,0.03243349,5.089744,15.09598,35.33589712268701,2.8220000917603194,2.0954576354424645e-21
1237648675066413595,237.999355574593,0.745651711654001,0.1474556,6.79746,17.3115,2.5745817043776826,0.2056115847511212,1.8481503403640833e-21
1237648675066413501,238.011714757674,0.788583455140193,0.07185507,3.847562,17.01295,10.579100584324623,0.8448695307225742,1.9057387035893778e-21
1237648675066413487,238.003071747069,0.758657852541501,0.1468357,4.393578,17.37054,5.836430497864847,0.4661097847138764,1.8714045337712665e-21
1237648675066413307,237.87689968214,0.701514951462916,0.09346591,3.746374,17.20943,9.311201785852997,0.7436124291069907,1.8964986369928592e-21
1237648675066282315,237.692819788096,0.810659827157736,0.09428345,2.612975,17.55178,13.96424599768193,1.1152144616563648,1.930629780855324e-21
1237648675066282222,237.616092886261,0.695606045183674,0.09455504,4.432102,17.23353,6.506815712176362,0.5196481774065366,1.8762199340913556e-21
1237648674534523444,249.281420163556,0.358810227814254,0.09109787,2.710397,17.4831,13.825924599272346,1.1041678198334903,1.929606357376004e-21
1237648674534523043,249.263575207041,0.398719940585717,0.09087101,3.78391,16.67372,14.949628606305705,1.1939092179349584,1.9379362327979457e-21
1237648674534458101,249.191922587659,0.324507333080295,0.07305734,5.952384,15.84227,12.993020352427925,1.037650310659698,1.9234552571305177e-21
1237648674534457650,249.207487914143,0.336393142407853,0.09114194,7.481665,17.47537,1.8274919957219085,0.14594740758137892,1.842865030495952e-21
1237648674534392523,249.03885394328,0.341973637230789,0.1198782,3.422773,17.5934,7.832200652000002,0.6254962448495075,1.885776715335114e-21
1237648674534261345,248.685871081048,0.402134430433048,0.02563905,6.380689,16.18217,8.267931036042242,0.6602946024369957,1.8889292001918354e-21
1237648674533933886,247.997225554971,0.356590585647082,0.07103826,2.608642,17.25228,18.461162089485615,1.4743477696249572,1.964199257638196e-21
1237648674533802793,247.714426695328,0.358623079703779,0.1137488,4.909279,17.11691,5.904737174035589,0.47156490152476144,1.871894616987478e-21
1237648674533802695,247.680226633073,0.36007377705015,0.08640919,3.001187,17.64503,9.714084720933458,0.7757875193790238,1.899429860620079e-21
1237648674533802532,247.622396114807,0.378066915902782,0.090957,5.256633,16.96859,5.904031769248005,0.47150856639427413,1.871889555229801e-21
1237648674533737231,247.541113944907,0.380771040518926,0.1141032,4.715726,16.5098,11.193937396018981,0.8939717095350974,1.9102356452233345e-21
1237648674533475041,246.940180172031,0.343592116043874,0.07244121,4.524673,16.84342,8.942472307675617,0.7141649067294358,1.893819865704629e-21
1237648674533278744,246.524214588162,0.352322009003514,0.05213557,9.959353,17.35489,1.1523429479358929,0.09202856498941395,1.8381016700161452e-21
1237648674533146986,246.103358895581,0.343913360053928,0.08681176,3.620541,17.00818,11.9999948640488,0.9583451777067544,1.9161472614379425e-21
1237648674533081773,246.069140019244,0.342807654585309,0.1430058,6.208457,17.05389,3.9127008522928004,0.31247663320572105,1.857654824688567e-21
1237648674533081304,246.046899645392,0.330435876010692,0.1428142,3.446497,17.36015,9.576001168699985,0.7647598724589384,1.8984247070621183e-21
1237648674533016415,245.945747755447,0.37572428165697,0.08613547,4.845384,17.10369,6.135749183050013,0.4900140131568497,1.8735530212372532e-21
1237648674533016287,245.92621322349,0.360456537252182,0.08598141,11.44504,15.27786,5.910461194440108,0.4720220339997262,1.8719356912214273e-21
1237648674533016216,245.894634003586,0.344116123192335,0.05745585,4.645872,17.08536,6.787682498892828,0.5420787978923939,1.878241091265438e-21
1237648674532950654,245.735550388043,0.323819539578355,0.1208128,4.091287,16.64948,13.076397326535252,1.04430897359854,1.9240701221168606e-21
1237648674532753564,245.256648962239,0.405248344023297,0.08695956,8.713544,15.80259,6.288894987302335,0.5022445636407452,1.8746532442285463e-21
1237648674532688691,245.187391215095,0.349725587480174,0.09345763,4.694709,17.33708,5.27169947457241,0.4210091610048505,1.8673576432057887e-21
1237648674532492137,244.683647759789,0.355311644480782,0.03141671,14.91128,17.25975,0.5611386064773455,0.044813725641980016,1.833940674452205e-21
1237648674532491713,244.662560262452,0.367732202774194,0.1070465,6.763713,16.84942,3.9798037564848467,0.31783561421955697,1.858132732725251e-21
1237648674532229982,244.07134985343,0.416026822516872,0.1322336,6.418687,17.25352,3.045787523631484,0.24324308623968757,1.851491693488478e-21
1237648674532098608,243.739991277242,0.333686039828599,0.05734747,2.807854,16.59754,29.12292259634426,2.325818698018744,2.0461403539255758e-21
1237648674532033112,243.689839860675,0.348816909417243,0.09287044,5.402016,16.94287,5.724535694007393,0.45717362708196774,1.8706019939389813e-21
1237648674532032975,243.621929243403,0.341831939251139,0.06486723,7.62304,16.89587,3.0018957277262026,0.2397377938272104,1.8511801987446588e-21
1237648674532032767,243.691774843466,0.373370718798572,0.09227547,4.25761,16.80532,10.460206193239939,0.835374371129319,1.9048703274228824e-21
1237648674531836458,243.215532312264,0.379758039443281,0.0446232,7.060227,16.35887,5.738715179371148,0.45830603101835854,1.8707036740013307e-21
1237648674531836146,243.2007420717,0.379463848944328,0.04373603,7.378372,16.53757,4.457084881256839,0.35595230256131916,1.8615354861976923e-21
1237648674531836085,243.179404501112,0.379983287989953,0.04445201,6.214911,15.2757,20.083998140626925,1.603950917079573,1.9764565315478064e-21
1237648674531836030,243.153419412377,0.382489969814394,0.04248704,5.494436,17.04136,5.053703542023987,0.40359954099381495,1.865797815665016e-21
1237648674531836029,243.15460901376,0.379971633004203,0.04314469,8.515075,14.99002,13.919224672631545,1.1116189626378388,1.9302966138866414e-21
1237648674531705379,242.935569173599,0.403133609775869,0.07381339,4.170063,17.17984,7.722870768489689,0.6167649272257599,1.8849865457854765e-21
1237648674531705268,242.89204391107,0.284318346810326,0.04449686,7.715136,17.13796,2.344924303689748,0.1872706550284487,1.8465240101664534e-21
1237648674531705019,242.919932090277,0.325963285343393,0.0439464,10.92978,15.31788,6.2463333740360225,0.498845502450195,1.8743474102461534e-21
1237648674531639780,242.7336904109,0.368543270447035,0.1057967,3.965697,17.17263,8.596248121936496,0.6865147049945507,1.891308036870976e-21
1237648674531639679,242.683317057617,0.248454167354799,0.06217964,4.285079,17.6702,4.655885956663142,0.37182898035135165,1.8629546668512186e-21
1237648674531639653,242.672629656979,0.276520003976515,0.06205918,8.074271,14.95234,16.027188933677998,1.2799654833854692,1.9459578234213314e-21
1237648674531639615,242.662865539337,0.295691396172182,0.05806117,5.345446,15.61422,19.876691935029537,1.5873950014567966,1.9748864971877027e-21
1237648674531639378,242.706199371616,0.312853548140682,0.1062192,6.199158,15.86116,11.772551229553917,0.9401810440727234,1.914477342090921e-21
1237648674531574366,242.652981237817,0.312556692277395,0.08021929,3.146697,16.86942,18.051867943833898,1.4416606664059324,1.96111988278405e-21
1237648674531574300,242.612226261396,0.295275632101207,0.1169517,7.159583,16.06521,7.3137572844432395,0.5840922520277607,1.882032660111414e-21
1237648674531574095,242.516845635278,0.363767222011673,0.117874,4.915095,17.4405,4.372563923330868,0.3492022786353772,1.860932444260708e-21
1237648674531508846,242.481084976207,0.226493849104175,0.07248693,4.676765,17.19791,6.038720157803762,0.48226506830347193,1.8728562839867813e-21
1237648674531508612,242.385319631626,0.26344984495662,0.1057904,5.015779,17.15111,5.481244997758477,0.43774391330520696,1.8688582346592633e-21
1237648674531312117,241.980210512179,0.270965952514753,0.147191,5.150781,16.85709,6.814246346071297,0.544200243370766,1.8784323611350964e-21
1237648674531246571,241.897331696494,0.295857253483264,0.1458499,6.984904,17.15683,2.811558451769296,0.22453705310876004,1.8498300044886627e-21
1237648674531246539,241.877987736021,0.317397933258661,0.1470155,5.637608,17.39866,3.45419022201491,0.27585899657901314,1.8543925918458532e-21
1237648674530656454,240.40948903357,0.366185871632552,0.1305119,2.968368,17.54644,10.873979697195677,0.868419205453941,1.907894138871501e-21
1237648674530394510,239.88952324535,0.30259630698855,0.1193563,5.096433,16.89978,6.691991207682407,0.5344366873315984,1.877552238764244e-21
1237648674530394462,239.874400887837,0.313251662084535,0.1195725,3.265838,17.38326,10.440149651364024,0.8337726129280848,1.904723878252659e-21
1237648674530394376,239.828142719378,0.365264080096789,0.1393154,4.304852,17.67471,4.59409053835959,0.36689386647784455,1.862513412232424e-21
1237648674530394132,239.815697220443,0.369854821277426,0.09330573,6.527056,17.16713,3.1894318172764122,0.25471482582618793,1.8525114861004017e-21
1237648674530328964,239.766946649128,0.246238138959816,0.07789504,9.155791,16.22227,3.869904600873056,0.3090588333119135,1.8573500932473138e-21
1237648674530328912,239.741843501694,0.254240708082606,0.07785986,6.754309,16.24985,6.932632037074644,0.553654777090813,1.8792850202970984e-21
1237648674530328779,239.684646822804,0.241074818506521,0.05071344,6.684736,16.60007,5.126293637944131,0.40939674083952127,1.866317075242539e-21
1237648674530197850,239.401634177253,0.290176326054496,0.1285773,3.201636,17.49311,9.81775275194886,0.78406666938963,1.9001848425327803e-21
1237648674530197810,239.389567873061,0.316140082309149,0.03213125,12.62738,15.79019,3.0289876313806534,0.24190141102174134,1.851372460502819e-21
1237648674530132240,239.257651507784,0.290345856403833,0.1183605,4.891095,16.61435,9.450348049226518,0.7547249464047635,1.8975105007809822e-21
1237648674530066790,239.162222559533,0.351116672952346,0.03249471,14.0364,15.36799,3.6165337978025875,0.2888241007103409,1.8555469858793034e-21
1237648674530066690,239.092516959374,0.371069352113815,0.1263543,6.414225,17.15613,3.336257934559857,0.26644067263313564,1.8535544483465594e-21
1237648674529804864,238.606952632365,0.261953102021982,0.09312479,6.288954,17.02811,3.9048033185271134,0.3118459193191012,1.857598586402523e-21
1237648674529804777,238.603060939617,0.220941776008533,0.09375378,5.027859,17.71499,3.245172747059435,0.25916641533632107,1.8529073661875393e-21
1237648674529804713,238.572027083799,0.270424357341801,0.09366773,5.523668,17.36823,3.7004357254046996,0.29552468755464695,1.856143878041508e-21
1237648674529739178,238.373770690429,0.336738794430988,0.09375454,6.810287,16.35724,6.1769369903717335,0.49330335927526703,1.873848857280397e-21
1237648674529608020,238.070571690049,0.370414265348846,0.09459472,4.587488,17.34404,5.485726073123481,0.43810178153895585,1.8688903375747765e-21
1237648674529542635,238.009696751367,0.33534303858496,0.09524489,5.812825,16.91431,5.07576495986361,0.4053614128645537,1.865955612578372e-21
1237648674529477082,237.865905811624,0.235601077706402,0.08777405,7.429526,17.23835,2.305354865538897,0.1841105553229027,1.846243941808966e-21
1237648674529476993,237.8114183912,0.293006361251785,0.03213647,10.28725,15.63511,5.26450341434637,0.42043446829087494,1.8673061323883284e-21
1237648674529476964,237.799417858212,0.297335296361834,0.03353775,8.531428,15.94372,5.760610877034793,0.4600546681224747,1.87086069732013e-21
1237648674529476946,237.798299281286,0.319624300655806,0.09306214,8.278962,15.6466,8.042817636441457,0.6423165663304206,1.887299859915603e-21
1237648674529476615,237.719300382441,0.401334867961052,0.03279805,8.623375,16.97705,2.1768347170026563,0.17384666221434303,1.845334582610323e-21
1237648674529411358,237.601094199366,0.376329579681519,0.09288901,7.170203,16.04694,7.415852738744673,0.5922458127087482,1.882769377106707e-21
1237648674529346025,237.53326914858,0.230823442823714,0.1134564,4.656529,17.20027,6.078093491513935,0.4854095066902273,1.8731389812176488e-21
1237648674512109741,198.148832187421,0.226295808549721,0.08184123,6.357296,17.54445,2.375063000368962,0.18967759561068379,1.846737357222199e-21
1237648674512109722,198.110835262231,0.410274861446267,0.06381848,3.586249,17.28932,9.440415726422698,0.7539317299267311,1.8974382555997067e-21
1237648674512109698,198.088754896896,0.307899805662406,0.04045619,5.658027,16.95171,5.175901094314367,0.4133584980843634,1.8666720159593167e-21
1237648674512109687,198.074209514464,0.279803772572358,0.08273041,5.296717,16.22465,11.537891775898753,0.921440639734096,1.9127559686132137e-21
1237648674511978567,197.88549007186,0.383905070897207,0.08190007,5.672146,17.3602,3.535291247509741,0.282335897408604,1.8549691958837737e-21
1237648674511913157,197.748154235463,0.340115284164003,0.09425279,5.580384,17.5115,3.177399554519275,0.2537539036657336,1.852426042342637e-21
1237648674511913079,197.637626286019,0.303936905622766,0.06274281,6.05451,17.05978,4.091946984407412,0.3267916115270257,1.8589316931687066e-21
1237648674511782075,197.437243637133,0.310584725630361,0.08025688,3.951124,17.12428,9.05412906240698,0.7230820532505372,1.8946306377297006e-21
1237648674511782031,197.399481673371,0.311603490103841,0.08310101,3.515221,17.06191,12.1152040147283,0.9675460261431292,1.9169936970000374e-21
1237648674511782025,197.393584203898,0.314839483249834,0.08317149,4.091843,17.75739,4.712008619154559,0.37631105584955443,1.8633555053341874e-21
1237648674511781988,197.351690178711,0.236357541409966,0.1380137,5.219271,17.89682,2.5471370053148252,0.2034197925630012,1.847955914040706e-21
1237648674511716531,197.271053507375,0.348054876084372,0.09656057,4.109293,17.05468,8.924703224359018,0.7127458298463489,1.8936908712503283e-21
1237648674511716520,197.258414076674,0.368675458258289,0.09612143,5.689737,17.06104,4.628066765708934,0.3696072804422507,1.8627560089857303e-21
1237648674511716495,197.24216238027,0.310128795091805,0.08122041,4.352087,17.31711,6.248285466322767,0.4990014007027055,1.8743614362579536e-21
1237648674511716490,197.234023205017,0.239380784231546,0.08353195,3.174896,17.34035,11.49214223856325,0.9177869841296967,1.9124205475512873e-21
1237648674511716390,197.212436003465,0.405354394724682,0.09608532,6.608729,16.02616,8.898158003843061,0.7106258719329631,1.893498182896779e-21
1237648674511651055,197.15748666221,0.222789494200287,0.08063152,3.316144,17.4588,9.445245224458318,0.754317423937905,1.8974733837923196e-21
1237648674511651009,197.102728622102,0.346563537667731,0.1390111,4.088956,17.66176,5.153130317359251,0.41153997528207875,1.8665090829605375e-21
1237648674511650938,197.019102025687,0.240643905957792,0.08095076,4.423466,16.37897,14.351147000027025,1.1461132007015105,1.933495298549242e-21
1237648674511650857,197.052299350433,0.278760126645814,0.1228688,3.696172,17.53958,7.057707484120754,0.5636435689931549,1.880186282115896e-21
1237648674511585367,196.921341647923,0.314887907745622,0.09382601,2.772997,17.43373,13.823219381133756,1.103951775344544,1.9295863472004297e-21
1237648674511454352,196.622179315316,0.316985389189307,0.09131701,6.937338,15.81164,9.839166066506397,0.7857767823502958,1.900340826409584e-21
1237648674511454344,196.608419045521,0.276748537254365,0.09025954,6.996921,17.34045,2.3659527059614214,0.1889500280732082,1.8466728642930915e-21
1237648674511454333,196.609013966345,0.316820639427784,0.09049945,1.741227,17.71896,26.959089115528492,2.1530103422491194,2.029238223529648e-21
1237648674511454332,196.608001369924,0.31725493419721,0.09069404,4.766539,16.25209,13.891773651444005,1.1094266655513607,1.9300934989588994e-21
1237648674511388882,196.516709146237,0.347064043133073,0.0895499,7.099278,16.69358,4.170034365040794,0.33302783625191734,1.8594882268183723e-21
1237648674511388867,196.495593607232,0.218685157962941,0.08979361,5.384601,17.27416,4.246478650348192,0.3391328398804661,1.8600332114195183e-21
1237648674511388844,196.47421903683,0.347327986764762,0.08981418,3.367432,17.26673,10.93226953861987,0.8730743564828406,1.908320500201813e-21
1237648674511323346,196.340068363857,0.288978951053149,0.0835517,3.691502,17.72003,5.992137685544203,0.4785448927399514,1.8725218808438712e-21
1237648674511257860,196.190704040687,0.233214199883389,0.09191523,2.951462,17.50194,11.459076212905101,0.9151462608131932,1.912178154584356e-21
1237648674511192278,196.116660999909,0.251363174109176,0.08232366,6.387373,16.57667,5.737034263967947,0.4581717895300045,1.8706916199899837e-21
1237648674511126687,195.924485605323,0.269204166602327,0.08125097,4.203866,17.0987,8.188837848143006,0.6539780517991471,1.8883565741914016e-21
1237648674511126652,195.875903717561,0.390668919381401,0.07959896,4.138149,17.40955,6.346989092764117,0.5068840827783144,1.8750707702186356e-21
1237648674511061240,195.717127567229,0.4069277599697,0.02091426,2.447141,18.30391,7.963757246539253,0.6360026350105509,1.8867279650603118e-21
1237648674510995773,195.662105785816,0.357228732379625,0.06859487,2.760815,17.34221,15.171949491002005,1.211664237846718,1.939588525400902e-21
1237648674510995771,195.657216405623,0.393393809346117,0.06720125,5.183787,17.18447,4.976427754460961,0.39742813182210046,1.8652451966354688e-21
1237648674510995755,195.64151394347,0.292022350509805,0.1366228,4.642021,17.53084,4.510760807618415,0.3602389764949614,1.861918555797579e-21
1237648674510995750,195.640658972404,0.370431855124219,0.08083197,3.579039,17.15323,10.744226084072947,0.8580568052333595,1.906945397433801e-21
1237648674510995713,195.593631604204,0.245496882926006,0.06841835,2.979863,16.95735,18.563822385735367,1.482546439788363,1.9649723932053537e-21
1237648674510995704,195.582680632413,0.291081819595639,0.06787552,3.919935,17.08977,9.49585924844263,0.7583595678187344,1.897841572810228e-21
1237648674510995691,195.572971539932,0.288848248706878,0.06856868,5.378805,17.20625,4.530314999223599,0.36180061593240187,1.8620581280099988e-21
1237648674510995595,195.635229081047,0.345150105674301,0.06791784,8.766893,15.39877,9.011572643548275,0.7196834068964547,1.8943215823228226e-21
1237648674510995594,195.644360768067,0.348564638983293,0.0677539,12.81165,14.13804,13.47639924146501,1.0762539794580728,1.9270226779078553e-21
1237648673997849499,249.803781418085,-0.0709958814816998,0.1487542,3.167769,17.30015,11.979342751871734,0.9566958559913223,1.9159955709646592e-21
1237648673997652816,249.310654927084,-0.0646881159192547,0.08857036,4.148475,17.63778,5.118126850927825,0.4087445238141722,1.866258648456094e-21
1237648673997652769,249.299077812257,-0.0309350229319263,0.1185153,3.596536,17.26654,9.585508936762897,0.7655191830900742,1.898493900038045e-21
1237648673997652749,249.294700890641,-0.0966058776924777,0.1363964,5.255797,16.49033,9.174678078433153,0.7327093547198146,1.895506368711817e-21
1237648673997324631,248.578736997636,-0.0967045038224014,0.04392764,4.237185,16.26706,17.338884261302073,1.3847202692075093,1.9557671875824913e-21
1237648673997128266,248.125366326119,-0.0869997647902815,0.05802495,6.775308,15.7215,11.208355950832107,0.8951232060674883,1.910341230367883e-21
1237648673997127886,248.152354700195,-0.0928839001503779,0.1224482,3.907946,17.53376,6.3474442040997525,0.5069204289400225,1.87507404149951e-21
1237648673997127724,248.064172006847,-0.0499321378702428,0.04401696,7.032564,14.97522,20.686385499172538,1.6520588560173832,1.9810258011592303e-21
1237648673997062939,248.033828596908,-0.0786453044111446,0.05833568,5.650788,16.54755,7.529427771752095,0.6013161570233643,1.883589269167373e-21
1237648673997062491,247.966776808433,-0.0907882389381604,0.04672737,6.102787,17.20444,3.5250686168663057,0.2815194963274698,1.8548965061629027e-21
1237648673996997574,247.849735762854,-0.0360383013691079,0.05920999,8.245635,16.01422,5.779147606796649,0.46153505088754987,1.870993642360247e-21
1237648673996997073,247.863850043089,-0.0314420824809519,0.05830718,4.904625,16.41981,11.242538539078197,0.8978531004531366,1.9105915681993986e-21
1237648673996931811,247.647147816998,-0.00645451755765237,0.113087,5.620651,17.42455,3.393178922019973,0.27098650406562547,1.8539589378862546e-21
1237648673996931633,247.600014652103,-0.0847983560207399,0.1133385,5.364327,16.84188,6.371145339166511,0.508813252124927,1.8752444100525737e-21
1237648673996669617,247.037405502652,-0.0522658003336876,0.08431948,5.246843,17.2838,4.4328584311859105,0.35401752660004054,1.8613626148277647e-21
1237648673996603913,246.858892240675,-0.0535897422345124,0.08602124,4.49502,17.48841,5.002334662101721,0.39949711270818394,1.8654304453536077e-21
1237648673996473001,246.620136574404,-0.0202438930820251,0.08438914,5.048406,16.64064,8.65835626134952,0.6914747934426826,1.891758381125771e-21
1237648673996472959,246.60554322576,-0.0634477312370687,0.05398665,7.531463,17.17215,2.3844120408268217,0.19042422991682148,1.8468035426065184e-21
1237648673996341293,246.253016206147,-0.0947106105451591,0.1218784,3.408149,17.24699,10.868431020799385,0.8679760763253633,1.907853558016659e-21
1237648673996276182,246.104721729899,-0.091377189635917,0.09698931,4.684421,17.25463,5.712630858843882,0.45622288156085716,1.8705166294963915e-21
1237648673995948107,245.38188754097,-0.0723638925339617,0.02728706,8.529102,14.70924,17.967902554672996,1.434955011386221,1.9604887558778223e-21
1237648673995686549,244.875590054073,-0.0385262479738886,0.07921813,12.90991,15.75578,2.9911732668071163,0.23888147523446324,1.851104110707314e-21
1237648673995555063,244.581477622891,-0.0170882648451137,0.07910305,2.146152,17.18411,29.042570030039176,2.319401570736003,2.045510194513778e-21
1237648673995489776,244.330869157811,-0.0819928237445058,0.1081634,5.596355,16.94981,5.299873312610594,0.42325918378629984,1.867559330764271e-21
1237648673995424553,244.241553069074,-0.0484378348932881,0.08033779,11.30101,17.03401,1.2027115497486198,0.09605110893230127,1.8384566088286884e-21
1237648673995162093,243.583195948052,-0.0315641264387658,0.03081088,6.124577,14.9964,26.747783654528682,2.1361350375622017,2.0275951764269646e-21
1237648673995096731,243.542249855132,-0.0378317084620344,0.05827271,8.327806,16.36327,4.108003462060513,0.3280739160699973,1.859046115084691e-21
1237648673994965554,243.236987282217,-0.100190158394926,0.03052526,2.968628,16.7787,22.049992253544357,1.760959399071422,1.991408182752916e-21
1237648673994965546,243.236781626301,-0.0962512670121271,0.0308672,24.999,13.57895,5.9234499999047365,0.47305934770045865,1.872028899199761e-21
1237648673994900167,242.975195673026,-0.0549744661599427,0.05820816,5.423712,17.26207,4.232322558979603,0.33800230423841277,1.8599322781337874e-21
1237648673994900138,243.098244899398,-0.0161122370694583,0.02425634,4.767373,17.73387,3.5472658258329886,0.28329221276716604,1.8550543467436253e-21
1237648673994900087,243.076397717554,-0.051235078257416,0.06366909,14.67028,15.98688,1.8722817070417654,0.1495244094335097,1.84318147037903e-21
1237648673994899569,243.018591881957,-0.0963281139594414,0.0729119,1.536745,18.93951,11.245852485742237,0.8981177593001313,1.9106158397917197e-21
1237648673994834641,242.944102247667,-0.0344513266576725,0.02408826,8.178784,16.61824,3.3676466938852503,0.26894744588383185,1.8537774909191734e-21
1237648673994834580,242.928093825621,-0.0443682085656034,0.0637805,3.188389,17.60675,8.915740012114444,0.7120300086040346,1.893625806248836e-21
1237648673994834517,242.898778778802,-0.0154619143792163,0.02424059,10.20709,16.41401,2.6097091708241758,0.20841693912463918,1.848399223519371e-21
1237648673994834397,242.84436158745,-0.075646653557559,0.06295025,3.246737,16.42595,25.510899944755643,2.037354867064271,2.0180041945000917e-21
1237648673994834323,242.829351255025,-0.0943714724314949,0.08993423,5.637096,15.41975,21.37908618898687,1.7073794101674977,1.9862931808940312e-21
1237648673994768767,242.731842600857,-0.148201228341201,0.1444452,4.602119,16.97289,7.672348320938394,0.6127300968341417,1.884621512286845e-21
1237648673994768746,242.724562971935,-0.0375740072714961,0.08132331,3.385779,17.18477,11.662046963897136,0.931355937786597,1.91366653146554e-21
1237648673994768731,242.719853718851,-0.00542933320134963,0.02894331,11.66485,16.93932,1.2317247921251553,0.09836816833409245,1.8386610912317997e-21
1237648673994768659,242.689349894094,-0.11673791452519,0.1062625,3.288991,17.24381,11.704439735050451,0.9347415148859773,1.9139775422837514e-21
1237648673994768421,242.680738592488,-0.143612499752071,0.1063814,3.477822,16.53989,20.01839706251078,1.5987118750985365,1.9759595665776746e-21
1237648673994703068,242.610644446349,-0.200509162994192,0.1198002,2.911199,17.45492,12.299521420947856,0.9822660072280488,1.9183486449451313e-21
1237648673994702955,242.544471936049,-0.176941219504682,0.06935806,4.820926,16.01373,16.91402894846269,1.3507904179954446,1.9525845532527487e-21
1237648673994638013,242.491858089616,-0.105577602381621,0.07973206,4.417375,17.60987,4.631519128515055,0.3698829934974998,1.862780661284077e-21
